organism	genome_size_mbp	n50_mbp	n_seqs	n_nnn	rel_nnn	genome_entropy	n_gc	rel_gc
Arabidopsis_lyrata	206.822858	2.4464547e-5	696	22960134	0.11101352249952952	1.9154810930762647	5573233	0.026946890947614696
