organism	genome_size_mbp	n50_mbp	n_seqs	n_nnn	rel_nnn	genome_entropy	n_gc	rel_gc
Brassica_rapa	284.129391	2.6286742000000002e-5	40249	10904295	0.0383779198682054	1.9264201777940806	8050577	0.028334192994486796
