organism	genome_size_mbp	n50_mbp	n_seqs	n_nnn	rel_nnn	genome_entropy	n_gc	rel_gc
Arabidopsis_halleri	221.13966	1.7686e-8	282453	26107544	0.11805907633212423	1.931968587847991	5938285	0.026853098173344393
