organism	genome_size_mbp	n50_mbp	n_seqs	n_nnn	rel_nnn	genome_entropy	n_gc	rel_gc
Arabidopsis_thaliana	119.668634	2.345983e-5	7	185738	0.0015521026169647762	1.9442781947924064	3587838	0.02998144024941406
